{
    "IAD": {
        "iq": 67.30839903119086,
        "velocidad_base": 94.5,
        "frames_per_point": [
            524,
            378,
            524,
            378,
            378,
            524,
            524,
            524,
            524,
            524,
            378,
            524,
            524,
            524,
            378,
            524,
            378,
            378,
            524,
            524,
            304,
            1667,
            527,
            527,
            305,
            1563,
            527,
            1275,
            153,
            1682,
            153,
            1536,
            302,
            229,
            441,
            549,
            254,
            695,
            55,
            218,
            190,
            331,
            49,
            305,
            377,
            1806,
            439,
            254,
            1744,
            1161,
            86,
            80,
            190
        ],
        "final_iq": 413.67,
        "iq_dominio": 942.5,
        "iq_eficacia": 44.47,
        "iq_adaptabilidad": 94.4,
        "iq_reaccion": -11.06,
        "iq_control": 100.0,
        "iq_caos": 48.224423405088224,
        "iq_imprevisibilidad": 59.30077368848433
    },
    "IAA": {
        "iq": 73.37915108142802,
        "desorden": 8,
        "final_iq": 360.87,
        "frames_per_point": [
            378,
            378,
            524,
            305,
            238,
            378,
            153,
            378,
            524,
            305,
            378,
            378,
            153,
            233,
            378,
            319,
            233,
            524,
            153,
            233,
            524,
            153,
            524,
            524,
            153,
            378,
            524,
            153,
            378,
            524,
            153,
            382,
            378,
            378,
            524,
            524,
            378,
            524,
            524,
            153,
            524,
            524,
            153,
            233,
            378,
            153,
            399,
            524,
            305,
            233,
            378,
            305,
            233,
            378,
            153,
            233,
            524,
            305,
            399,
            524,
            524,
            527,
            153,
            305,
            527,
            235,
            527,
            524,
            305,
            378,
            378,
            153,
            229,
            441,
            315,
            254,
            55,
            270,
            76,
            50,
            254,
            49,
            378,
            377,
            305,
            439,
            128,
            315,
            270,
            218,
            80
        ],
        "move_counter": 30193,
        "move_random_count": 301,
        "iq_creatividad": 100.0,
        "iq_diversion": 33.2,
        "iq_sorpresa": 1505,
        "iq_adaptacion_social": 33.2,
        "iq_intuicion": 165.9,
        "iq_prediccion": 82.18385764232704,
        "iq_precision": 64.574444520529
    },
    "IAJ": {
        "iq": 85.34081981044937,
        "velocidad_actual": 25,
        "paddle_height": 200,
        "crecimiento": 36,
        "final_iq": 238.67,
        "frames_per_point": [
            378,
            305,
            153,
            305,
            153,
            319,
            153,
            153,
            153,
            153,
            153,
            378,
            378,
            153,
            153,
            153,
            305,
            305,
            153,
            305,
            304,
            153,
            299,
            305,
            305,
            531,
            299,
            305,
            153,
            299,
            153,
            302,
            153,
            299,
            254,
            254,
            250,
            213,
            218,
            76,
            190,
            50,
            96,
            153,
            305,
            305,
            498,
            254,
            128,
            86,
            109,
            218,
            190
        ],
        "iq_poder": 485,
        "iq_control": 60.0,
        "iq_adaptacion": 125.0,
        "iq_venganza": 0,
        "iq_precision": 76.66,
        "sentimiento": "frustraci\u00f3n y sed de venganza",
        "iq_emocional": 97.35560888032215,
        "iq_motivacion": 73.32603074057661
    },
    "IAF": {
        "iq": 80.41180135126874,
        "speed": 17.599999999999966,
        "final_iq": 124.32,
        "frames_per_point": [
            378,
            238,
            378,
            378,
            233,
            233,
            233,
            524,
            378,
            378,
            382,
            524,
            524,
            524,
            233,
            399,
            233,
            233,
            233,
            399,
            524,
            1667,
            299,
            531,
            1563,
            235,
            299,
            524,
            1275,
            378,
            1682,
            299,
            1536,
            378,
            299,
            549,
            315,
            250,
            695,
            213,
            270,
            254,
            331,
            96,
            153,
            378,
            1806,
            498,
            315,
            1744,
            270,
            1161,
            109
        ],
        "iq_precision": 47.3,
        "iq_velocidad_reaccion": 251.33,
        "iq_coordinacion": 107.57908742158348,
        "iq_control": 100.0,
        "iq_estrategia": 53.244515280953976
    },
    "IAC": {
        "iq": 65.30593208573109,
        "iq_cautela": 72.71674825460467,
        "iq_paciencia": 57.8951159168575
    },
    "IAL": {
        "iq": 80.803170011866,
        "iq_analisis": 82.30744377148713,
        "iq_logica": 79.29889625224487
    },
    "IAM": {
        "iq": 70.35959536859932,
        "iq_reactividad": 62.986205457854105,
        "iq_constancia": 77.73298527934452
    },
    "IAR": {
        "iq": 72.13945151021403,
        "iq_reaccion": 81.39143951425795,
        "iq_velocidad": 60.544994994554926,
        "iq_agresividad": 74.48192002182921
    }
}